{
  "point": {
    "x": -57.767297045212516,
    "y": -12.800000190734849,
    "z": -64.93297028208438
  },
  "objectId": "2",
  "timeStamp": 1411737693588,
  "id": 1,
  "room": "0",
  "instant": true
}
